cause_group,code,EventTitle,reports
Caught in or crushed,642,Compressed or pinched by shifting objects or equipment,914
Caught in or crushed,6412,Caught in running equipment or machinery during regular operation,400
Caught in or crushed,640,"Caught in or compressed by equipment or objects, unspecified",189
Caught in or crushed,6411,"Caught in running equipment or machinery during maintenance, cleaning",167
Caught in or crushed,653,"Caught, entangled in running powered equipment normal operation",113
Caught in or crushed,664,Caught or wedged between objects nonrunning,102
Caught in or crushed,651,Excavation or trenching cave-in,78
Caught in or crushed,655,"Struck, caught, or crushed in other collapsing structure or equipment",66
Caught in or crushed,6410,"Caught in running equipment or machinery, unspecified",42
Caught in or crushed,6419,"Caught in running equipment or machinery, n.e.c.",42
Caught in or crushed,644,Entangled in other object or equipment,42
Caught in or crushed,6261,Struck by or caught in swinging door or gate,34
Caught in or crushed,654,Compressed between running equipment and other object(s),27
Caught in or crushed,649,"Caught in or compressed by equipment or objects, n.e.c.",19
Caught in or crushed,632,"Collapse, engulfment open trench or excavation",18
Caught in or crushed,634,"Collapse, engulfment building or structure",9
Caught in or crushed,643,Compressed or pinched between two stationary objects,7
Caught in or crushed,639,"Collapse, engulfment n.e.c.",6
Caught in or crushed,4410,"Jump from collapsing structure or equipment, unspecified",3
Caught in or crushed,662,Entangled in non-running object,3
Caught in or crushed,659,"Struck, caught, or crushed in collapsing structure, equipment, or material, n.e.c.",2
Caught in or crushed,650,"Struck, caught, or crushed in collapsing structure, equipment, or material, unspecified",1
Caught in or crushed,656,Engulfment in other collapsing material,1
Electrical,5110,"Direct exposure to electricity, unspecified",317
Electrical,5112,"Direct exposure to electricity, greater than 220 volts",287
Electrical,5122,"Indirect exposure to electricity, greater than 220 volts",91
Electrical,513,Exposure to electric arc,72
Electrical,5112,Direct exposure to electricity greater than 220 volts,43
Electrical,5111,"Direct exposure to electricity, 220 volts or less",26
Electrical,5120,"Indirect exposure to electricity, unspecified",26
Electrical,5122,Indirect exposure to electricity greater than 220 volts,26
Electrical,510,"Exposure to electricity, unspecified",25
Electrical,5110,Direct exposure to electricity unspecified,20
Electrical,510,Exposure to electricity unspecified,9
Electrical,5111,Direct exposure to electricity 220 volts or less,9
Electrical,5120,Indirect exposure to electricity unspecified,6
Electrical,5121,Indirect exposure to electricity 220 volts or less,1
Electrical,5121,"Indirect exposure to electricity, 220 volts or less",1
Fall to lower level,4330,"Other fall to lower level, unspecified",1757
Fall to lower level,4332,Other fall to lower level 6 to 10 feet,816
Fall to lower level,4331,Other fall to lower level less than 6 feet,663
Fall to lower level,4333,Other fall to lower level 11 to 15 feet,600
Fall to lower level,4142,Other fall to lower level 6 to 30 feet,379
Fall to lower level,4334,Other fall to lower level 16 to 20 feet,354
Fall to lower level,4140,Other fall to lower level unspecified,292
Fall to lower level,4320,"Fall through surface or existing opening, unspecified",221
Fall to lower level,4323,Fall through surface or existing opening 11 to 15 feet,156
Fall to lower level,4335,Other fall to lower level 21 to 25 feet,131
Fall to lower level,4141,Other fall to lower level less than 6 feet,129
Fall to lower level,4112,Fall to lower level from collapsing structure or equipment 6 to 30 feet,126
Fall to lower level,4337,Other fall to lower level more than 30 feet,117
Fall to lower level,4324,Fall through surface or existing opening 16 to 20 feet,114
Fall to lower level,4310,"Fall from collapsing structure or equipment, unspecified",101
Fall to lower level,4110,Fall to lower level from collapsing structure or equipment unspecified,93
Fall to lower level,4336,Other fall to lower level 26 to 30 feet,91
Fall to lower level,4322,Fall through surface or existing opening 6 to 10 feet,87
Fall to lower level,430,"Fall to lower level, unspecified",60
Fall to lower level,4312,Fall from collapsing structure or equipment 6 to 10 feet,57
Fall to lower level,4420,"Other jump to lower level, unspecified",40
Fall to lower level,4313,Fall from collapsing structure or equipment 11 to 15 feet,36
Fall to lower level,4326,Fall through surface or existing opening 26 to 30 feet,35
Fall to lower level,4325,Fall through surface or existing opening 21 to 25 feet,34
Fall to lower level,4327,Fall through surface or existing opening more than 30 feet,33
Fall to lower level,45,Fall or jump curtailed by personal fall arrest system,31
Fall to lower level,4120,Fall to lower level resulting from exposure or contact unspecified,26
Fall to lower level,4321,Fall through surface or existing opening less than 6 feet,26
Fall to lower level,4143,Other fall to lower level more than 30 feet,25
Fall to lower level,4311,Fall from collapsing structure or equipment less than 6 feet,22
Fall to lower level,4111,Fall to lower level from collapsing structure or equipment less than 6 feet,17
Fall to lower level,4122,Fall to lower level resulting from exposure or contact 6 to 30 feet,17
Fall to lower level,4314,Fall from collapsing structure or equipment 16 to 20 feet,17
Fall to lower level,4421,Other jump to lower level less than 6 feet,17
Fall to lower level,4315,Fall from collapsing structure or equipment 21 to 25 feet,15
Fall to lower level,4113,Fall to lower level from collapsing structure or equipment more than 30 feet,11
Fall to lower level,4121,Fall to lower level resulting from exposure or contact less than 6 feet,10
Fall to lower level,4130,Fall to lower level resulting in exposure or contact unspecified,8
Fall to lower level,4316,Fall from collapsing structure or equipment 26 to 30 feet,7
Fall to lower level,4317,Fall from collapsing structure or equipment more than 30 feet,7
Fall to lower level,410,Fall to lower level unspecified,6
Fall to lower level,4422,Other jump to lower level 6 to 10 feet,6
Fall to lower level,419,Fall to lower level caught self or curtailed,4
Fall to lower level,4423,Other jump to lower level 11 to 15 feet,4
Fall to lower level,4131,Fall to lower level resulting in exposure or contact less than 6 feet,3
Fall to lower level,4132,Fall to lower level resulting in exposure or contact 6 to 30 feet,2
Fall to lower level,4133,Fall to lower level resulting in exposure or contact more than 30 feet,1
Fall to lower level,4424,Other jump to lower level 16 to 20 feet,1
Fall to lower level,4425,Other jump to lower level 21 to 25 feet,1
"Fire, explosion or burn",533,Contact with hot objects or substances,191
"Fire, explosion or burn",317,"Ignition of vapors, gases, or liquids",92
"Fire, explosion or burn",314,Ignition of clothing from controlled heat source,30
"Fire, explosion or burn",323,"Explosion of pressure vessel, piping, or tire",30
"Fire, explosion or burn",310,"Fire, unspecified",23
"Fire, explosion or burn",313,Vehicle or machinery fire,16
"Fire, explosion or burn",327,Flash fire,16
"Fire, explosion or burn",329,"Explosion, n.e.c.",12
"Fire, explosion or burn",320,"Explosion, unspecified",11
"Fire, explosion or burn",324,Vehicle or machinery fire,11
"Fire, explosion or burn",315,Small-scale (limited) fire,10
"Fire, explosion or burn",313,"Explosion of pressure vessel, piping, or tire",9
"Fire, explosion or burn",319,"Nonstructural fire, n.e.c.",7
"Fire, explosion or burn",322,"Explosion of nonpressurized vapors, gases, or liquids",7
"Fire, explosion or burn",326,Ignition of clothing,7
"Fire, explosion or burn",314,"Explosion of nonpressurized vapors, gases, or liquids",4
"Fire, explosion or burn",320,Fire unspecified,4
"Fire, explosion or burn",324,Demolition or blasting explosion,4
"Fire, explosion or burn",310,Explosion unspecified,3
"Fire, explosion or burn",253,Explosion or fire on water vehicle,2
"Fire, explosion or burn",30,"Fire or explosion, unspecified",2
"Fire, explosion or burn",312,Other structural fire without collapse,2
"Fire, explosion or burn",319,Explosion n.e.c.,2
"Fire, explosion or burn",2241,"Fires, explosions onboard water vehicle in normal operation",1
"Fire, explosion or burn",325,"Fire small-scale, limited",1
Heat stress,531,Exposure to environmental heat,500
Heat stress,5312,Exposure to environmental heat outdoor,85
Heat stress,5311,Exposure to environmental heat indoor,11
Heat stress,5310,Exposure to environmental heat unspecified,9
Other,5544,"Exposure through intact skin, eyes, or other exposed tissue",62
Other,5521,Inhalation of harmful substance-single episode,61
Other,1311,Stings and venomous bites,42
Other,7111,Overexertion in lifting-single episode,24
Other,710,"Overexertion involving outside sources, unspecified",19
Other,1113,"Hitting, kicking, beating, shoving",17
Other,714,Overexertion while materials moving by hand,16
Other,5553,Exposure through intact tissue,13
Other,6321,Stepped on object,13
Other,1310,"Bites and stings, unspecified",11
Other,7311,"Bending, crawling, reaching, twisting-single episode",11
Other,7313,Climbing or stepping up or down-single episode,11
Other,534,Contact with cold objects or substances,10
Other,70,"Overexertion and bodily reaction, unspecified",10
Other,7121,"Overexertion in pushing, pulling, or turning-single episode",9
Other,1219,"Injury by other person-unintentional or intent unknown, n.e.c.",8
Other,553,Ingestion of harmful substance,8
Other,5531,Inhalation of harmful substance single episode or single shift,7
Other,718,Multiple types of overexertion involving outside sources,7
Other,1112,"Stabbing, cutting, slashing, piercing",6
Other,7131,"Overexertion in holding, carrying, or wielding-single episode",6
Other,1111,Shooting by other person-intentional,5
Other,6212,"Venomous animal bite except ""bugs""",5
Other,7351,"Walking, without other incident-single episode",5
Other,1313,"Other animal bites, nonvenomous",4
Other,50,"Exposure to harmful substances or environments, unspecified",4
Other,550,"Exposure to other harmful substances, unspecified",4
Other,733,"Twisting, reaching, bending",4
Other,7399,"Other exertions or bodily reactions, n.e.c.",4
Other,1110,"Intentional injury by other person, unspecified",3
Other,1119,"Intentional injury by other person, n.e.c.",3
Other,1213,Injured by physical contact during horseplay,3
Other,619,"Contact with other person, nonviolent or intent unknown n.e.c.",3
Other,6651,Stepped or knelt on object,3
Other,7122,"Overexertion in pushing, pulling, or turning-multiple episodes",3
Other,730,"Other exertions or bodily reactions, unspecified",3
Other,731,Climbing or stepping up or down,3
Other,74,"Bodily conditions, n.e.c.",3
Other,111,Shooting by other person,2
Other,1221,Self-inflicted shooting-unintentional,2
Other,541,Exposure to change in water pressure,2
Other,712,"Overexertion while wielding, manipulating tools, object(s)",2
Other,7143,Overexertion in catching-single episode,2
Other,736,"Walking, without other incident",2
Other,1149,"Hitting, kicking, beating by other person n.e.c.",1
Other,119,Intentional violence by other person n.e.c.,1
Other,1214,"Injured by physical contact with person while restraining, subduing-unintentional",1
Other,229,"Rail vehicle incident, n.e.c.",1
Other,2638,"Struck bump, hole, or rough terrain in road surface",1
Other,532,Exposure to environmental cold,1
Other,5321,Exposure to environmental cold indoor,1
Other,5520,"Inhalation of harmful substance, unspecified",1
Other,554,Ingestion of harmful substance,1
Other,5540,"Exposure to harmful substance through skin, eyes, or other exposed tissue, unspecified",1
Other,5541,Exposure through unintentional needlestick or sharp injury,1
Other,563,Oxygen displacement,1
Other,6211,"Bite or sting insects, ""bugs""",1
Other,6652,Walked or ran into stationary object,1
Other,69,Contact n.e.c.,1
Other,7112,Overexertion in lifting-multiple episodes,1
Other,7120,"Overexertion in pushing, pulling, or turning, unspecified",1
Other,719,"Overexertion involving outside sources, n.e.c.",1
Other,7310,"Bending, crawling, reaching, twisting, climbing, stepping, unspecified",1
Other,7314,Climbing or stepping up or down-repetitive or prolonged,1
Other,732,"Kneeling, crawling",1
Other,7322,"Kneeling, kneeling down-repetitive or prolonged",1
Other,7332,"Sitting, sitting down-repetitive or prolonged",1
Other,7341,"Standing, standing up-single episode",1
Other,738,Multiple types of bodily position and motion,1
Other,78,Multiple types of overexertions and bodily reactions,1
Other,79,"Overexertion and bodily reaction and exertion, n.e.c.",1
"Slip, trip or same-level fall",422,Fall on same level due to slipping,183
"Slip, trip or same-level fall",4213,Fall on same level due to tripping over an object,118
"Slip, trip or same-level fall",429,"Fall on same level, n.e.c.",108
"Slip, trip or same-level fall",4312,Fall on same level due to slip or trip,108
"Slip, trip or same-level fall",40,"Fall, slip, trip, unspecified",96
"Slip, trip or same-level fall",4210,"Fall on same level due to tripping, unspecified",47
"Slip, trip or same-level fall",420,"Fall on same level, unspecified",38
"Slip, trip or same-level fall",424,"Fall onto or against object on same level, n.e.c.",30
"Slip, trip or same-level fall",4212,Fall on same level due to tripping on uneven surface,23
"Slip, trip or same-level fall",4319,Fall on same level n.e.c.,21
"Slip, trip or same-level fall",4311,Fall on same level resulting in exposure or contact,14
"Slip, trip or same-level fall",4214,Fall on same level due to tripping over self,11
"Slip, trip or same-level fall",4119,"Slip without fall, n.e.c.",8
"Slip, trip or same-level fall",42,"Slip, trip, stumble while stepping between levels",8
"Slip, trip or same-level fall",40,"Fall, slip, trip unspecified",6
"Slip, trip or same-level fall",4111,Slip on substance without fall,6
"Slip, trip or same-level fall",4219,"Fall on same level due to tripping, n.e.c.",6
"Slip, trip or same-level fall",410,"Slip or trip without fall, unspecified",5
"Slip, trip or same-level fall",4110,"Slip without fall, unspecified",5
"Slip, trip or same-level fall",4123,Trip over an object without fall,5
"Slip, trip or same-level fall",423,Fall while sitting,4
"Slip, trip or same-level fall",4310,Fall on same level unspecified,4
"Slip, trip or same-level fall",7371,"Boarding, alighting-excluding slip, trip, fall-single episode",4
"Slip, trip or same-level fall",4211,"Fall on same level while climbing stairs, steps, or curbs",3
"Slip, trip or same-level fall",432,"Slip, trip, stumble on same level without fall",3
"Slip, trip or same-level fall",4120,"Trip without fall, unspecified",2
"Slip, trip or same-level fall",4121,Trip from stepping into a hole without fall,2
"Slip, trip or same-level fall",4122,Trip on uneven surface without fall,2
"Slip, trip or same-level fall",4125,Trip over self without fall,2
"Slip, trip or same-level fall",419,"Slip or trip without fall, n.e.c.",2
"Slip, trip or same-level fall",4314,Fall on same level and catch oneself,2
"Slip, trip or same-level fall",49,"Fall, slip, trip, n.e.c.",2
"Slip, trip or same-level fall",4112,Slip on vehicle without fall-nontransport,1
"Slip, trip or same-level fall",4124,Trip on vehicle without fall-nontransport,1
"Slip, trip or same-level fall",430,"Slip, trip, stumble or fall on same level fall unspecified",1
Struck by or against object,6252,Injured by slipping or swinging object held by injured worker,701
Struck by or against object,6239,"Struck by falling object or equipment, n.e.c.",503
Struck by or against object,6230,"Struck by falling object or equipment, unspecified",390
Struck by or against object,6233,Struck by object falling from vehicle or machinery-other than vehicle part,339
Struck by or against object,6241,"Struck by dislodged flying object, particle",283
Struck by or against object,6242,Struck by discharged object or substance,243
Struck by or against object,6311,Struck against moving part of machinery or equipment,222
Struck by or against object,6213,Struck by swinging part of powered vehicle,220
Struck by or against object,620,"Struck by object or equipment, unspecified",210
Struck by or against object,6269,"Struck by swinging or slipping object, other than handheld, n.e.c.",148
Struck by or against object,6439,Struck by other falling object n.e.c.,145
Struck by or against object,659,Struck by running powered equipment n.e.c.,90
Struck by or against object,6231,Struck by object or equipment dropped by injured worker,85
Struck by or against object,651,"Struck by running powered equipment irregular movement, kick back",84
Struck by or against object,6422,Struck by dislodged or detached object(s),74
Struck by or against object,6430,Struck by falling object unspecified,64
Struck by or against object,6329,"Struck against stationary object or equipment, n.e.c.",61
Struck by or against object,652,"Struck by running powered equipment during maintenance, cleaning, testing",61
Struck by or against object,6449,Struck by suspended or swinging objects n.e.c.,55
Struck by or against object,6223,Struck by object or equipment rolling freely,54
Struck by or against object,6421,Struck by discharged object or substance,45
Struck by or against object,6214,Struck by falling part of powered vehicle still attached,42
Struck by or against object,6253,Injured by slipping or swinging object held by other person,40
Struck by or against object,6611,Injured by object held or wielded by person,40
Struck by or against object,663,"Struck by rolling, sliding, or shifting objects non-running",35
Struck by or against object,6232,Struck by object or equipment dropped by other person,33
Struck by or against object,6431,Struck by object dropped by person,32
Struck by or against object,6220,"Struck by rolling object or equipment-other than powered vehicle, unspecified",26
Struck by or against object,629,"Struck by object or equipment, n.e.c.",26
Struck by or against object,6259,"Injured by handheld object or equipment, n.e.c.",22
Struck by or against object,6432,Struck by object tipping over,20
Struck by or against object,640,"Struck by propelled, falling, or suspended object unspecified",19
Struck by or against object,6429,Struck by other propelled object or substance n.e.c.,19
Struck by or against object,6210,"Struck by powered vehicle-nontransport, unspecified",18
Struck by or against object,6219,"Struck by powered vehicle-nontransport, n.e.c.",18
Struck by or against object,6221,Struck by rolling object or equipment being pushed by injured worker,18
Struck by or against object,6441,"Struck by door, gate, window",18
Struck by or against object,650,Struck by running powered equipment unspecified,18
Struck by or against object,6250,"Injured by handheld object or equipment, unspecified",14
Struck by or against object,6433,"Struck by falling part of vehicle or machine, still attached",14
Struck by or against object,6619,Injured by object handled by person n.e.c.,14
Struck by or against object,6251,Injured by object breaking in hand,13
Struck by or against object,6216,Struck by other falling powered vehicle,11
Struck by or against object,6249,"Struck by discharged or flying object, n.e.c.",10
Struck by or against object,6322,Struck against stationary object or equipment while rising,10
Struck by or against object,630,"Struck against object or equipment, unspecified",9
Struck by or against object,6612,Injured by object pushed or pulled by person,9
Struck by or against object,6229,"Struck by rolling object or equipment-other than powered vehicle, n.e.c.",8
Struck by or against object,6312,Struck against object or equipment while moving it,8
Struck by or against object,6610,Injured by object handled by person unspecified,8
Struck by or against object,6215,Struck by powered vehicle tipping over-nontransport,7
Struck by or against object,6243,Struck by thrown object-unintentional injury,7
Struck by or against object,6320,"Struck against stationary object or equipment, unspecified",7
Struck by or against object,6659,Struck against stationary object n.e.c.,7
Struck by or against object,6240,"Struck by discharged or flying object, unspecified",6
Struck by or against object,6420,Struck by propelled object or substance unspecified,5
Struck by or against object,6440,Struck by suspended or swinging objects unspecified,3
Struck by or against object,6260,"Struck by swinging or slipping object, other than handheld, unspecified",2
Struck by or against object,6653,"Struck against stationary object while rising, lowering",2
Struck by or against object,669,"Rubbed or abraded by friction or pressure, n.e.c.",2
Struck by or against object,231,Non-passenger struck by rail vehicle,1
Struck by or against object,6222,Struck by rolling object or equipment being pushed by another person,1
Struck by or against object,6319,"Struck against moving object or equipment, n.e.c.",1
Struck by or against object,639,"Struck against object or equipment, n.e.c.",1
Struck by or against object,660,"Rubbed or abraded by friction or pressure, unspecified",1
Struck by or against object,661,Rubbed or abraded by kneeling on surface,1
Struck by or against object,663,Rubbed or abraded by foreign matter in eye,1
Struck by or against object,6650,Struck against stationary object unspecified,1
Struck by or against object,666,Rubbed or abraded by non-running object,1
Unknown (not usable),60,"Contact with objects and equipment, unspecified",174
Unknown (not usable),9999,Nonclassifiable,138
Unknown (not usable),60,Contact incidents unspecified,42
Unknown (not usable),69,"Contact with objects and equipment, n.e.c.",16
Unknown (not usable),990,Event or exposure unspecified,6
Unknown (not usable),660,Contact with non-running objects or equipment unspecified,5
Vehicle or mobile equipment,2440,"Pedestrian struck by vehicle in nonroadway area, unspecified",142
Vehicle or mobile equipment,2731,"Jack-knifed or overturned, nonroadway",133
Vehicle or mobile equipment,2443,Pedestrian struck by vehicle backing up in nonroadway area,121
Vehicle or mobile equipment,2412,Pedestrian struck by forward-moving vehicle in work zone,88
Vehicle or mobile equipment,2410,"Pedestrian struck by vehicle in work zone, unspecified",55
Vehicle or mobile equipment,6212,Struck or run over by rolling powered vehicle,49
Vehicle or mobile equipment,2721,Part of occupant s body caught between vehicle and other object in nonroadway transport incident,48
Vehicle or mobile equipment,240,"Pedestrian vehicular incident, unspecified",44
Vehicle or mobile equipment,2442,Pedestrian struck by forward-moving vehicle in nonroadway area,43
Vehicle or mobile equipment,2736,"Fall or jump from vehicle in normal operation, nonroadway",40
Vehicle or mobile equipment,249,"Pedestrian vehicular incident, n.e.c.",35
Vehicle or mobile equipment,6211,Caught between rolling powered vehicle and other object,32
Vehicle or mobile equipment,2731,Nonroadway noncollision vehicle overturn,29
Vehicle or mobile equipment,2530,Pedestrian struck by vehicle in nonroadway area unspecified,27
Vehicle or mobile equipment,2512,Pedestrian struck by forward-moving vehicle in road work zone,26
Vehicle or mobile equipment,2531,Pedestrian struck by vehicle or object propelled by another vehicle in nonroadway area,24
Vehicle or mobile equipment,2533,Pedestrian struck by vehicle backing up in nonroadway area,22
Vehicle or mobile equipment,2729,"Nonroadway collision with object other than vehicle, n.e.c.",22
Vehicle or mobile equipment,257,Machinery or equipment incident on water vehicle,20
Vehicle or mobile equipment,2734,"Fall or jump from and struck by same vehicle in normal operation, nonroadway",18
Vehicle or mobile equipment,2739,"Nonroadway noncollision incident, n.e.c.",18
Vehicle or mobile equipment,2723,"Collision with stationary object, nonroadway",17
Vehicle or mobile equipment,2532,Pedestrian struck by forward-moving vehicle in nonroadway area,16
Vehicle or mobile equipment,2732,"Ran off driving surface, nonroadway",16
Vehicle or mobile equipment,2733,Nonroadway noncollision fall or jump from moving vehicle,16
Vehicle or mobile equipment,2413,Pedestrian struck by vehicle backing up in work zone,14
Vehicle or mobile equipment,2713,"Collision between a moving and standing vehicle, nonroadway",14
Vehicle or mobile equipment,2420,"Pedestrian struck by vehicle in roadway, unspecified",13
Vehicle or mobile equipment,2710,"Nonroadway collision with other vehicle, unspecified",12
Vehicle or mobile equipment,2411,Pedestrian struck by vehicle propelled by another vehicle in work zone,11
Vehicle or mobile equipment,2631,"Jack-knifed or overturned, roadway",11
Vehicle or mobile equipment,655,Struck by rolling powered vehicle or machinery,11
Vehicle or mobile equipment,2432,Pedestrian struck by forward-moving vehicle on side of road,10
Vehicle or mobile equipment,2610,"Roadway collision with other vehicle, unspecified",10
Vehicle or mobile equipment,2636,"Fall or jump from vehicle in normal operation, roadway",10
Vehicle or mobile equipment,2738,"Struck bump, hole, rough terrain on driving surface, nonroadway",10
Vehicle or mobile equipment,2244,"Fall, contact incident onboard water vehicle",9
Vehicle or mobile equipment,2449,"Pedestrian struck by vehicle in nonroadway area, n.e.c.",9
Vehicle or mobile equipment,259,"Water vehicle incident, n.e.c.",9
Vehicle or mobile equipment,258,Fall on water vehicle,7
Vehicle or mobile equipment,2500,Pedestrian struck by vehicle unspecified,6
Vehicle or mobile equipment,2510,Pedestrian struck by vehicle in road work zone unspecified,6
Vehicle or mobile equipment,256,Fall or jump from water vehicle,6
Vehicle or mobile equipment,2611,Roadway collision-moving in same direction,6
Vehicle or mobile equipment,2422,Pedestrian struck by forward-moving vehicle in roadway,5
Vehicle or mobile equipment,2503,Pedestrian struck by vehicle backing up location unspecified,5
Vehicle or mobile equipment,2511,Pedestrian struck by vehicle or object propelled by another vehicle in road work zone,5
Vehicle or mobile equipment,270,"Nonroadway incident involving motorized land vehicle, unspecified",5
Vehicle or mobile equipment,2714,Nonroadway collision with other vehicle(s) moving and standing vehicle,5
Vehicle or mobile equipment,2720,"Nonroadway collision with object other than vehicle, unspecified",5
Vehicle or mobile equipment,2733,"Struck by shifting load during transport, nonroadway",5
Vehicle or mobile equipment,2736,Nonroadway noncollision jack-knifed or ran off driving surface,5
Vehicle or mobile equipment,2737,"Sudden start or stop, nonroadway",5
Vehicle or mobile equipment,2739,Nonroadway noncollision incident n.e.c.,5
Vehicle or mobile equipment,2419,"Pedestrian struck by vehicle in work zone, n.e.c.",4
Vehicle or mobile equipment,2513,Pedestrian struck by vehicle backing up in road work zone,4
Vehicle or mobile equipment,2632,Ran off roadway,4
Vehicle or mobile equipment,2732,Nonroadway noncollision fall or jump from and struck by moving vehicle,4
Vehicle or mobile equipment,219,"Aircraft incident, n.e.c.",3
Vehicle or mobile equipment,2423,Pedestrian struck by vehicle backing up in roadway,3
Vehicle or mobile equipment,2441,Pedestrian struck by vehicle propelled by another vehicle in nonroadway area,3
Vehicle or mobile equipment,2610,Roadway collision with other vehicle(s) unspecified,3
Vehicle or mobile equipment,2614,Roadway collision with other vehicle(s) moving and standing vehicle,3
Vehicle or mobile equipment,2614,Roadway collision-moving and standing vehicle in roadway,3
Vehicle or mobile equipment,2631,Roadway noncollision vehicle overturn,3
Vehicle or mobile equipment,2639,"Roadway noncollision incident, n.e.c.",3
Vehicle or mobile equipment,20,"Transportation incident, unspecified",2
Vehicle or mobile equipment,2430,"Pedestrian struck by vehicle on side of road, unspecified",2
Vehicle or mobile equipment,2501,Pedestrian struck by vehicle or object propelled by another vehicle location unspecified,2
Vehicle or mobile equipment,2502,Pedestrian struck by forward-moving vehicle location unspecified,2
Vehicle or mobile equipment,2522,Collision between water vehicle and object,2
Vehicle or mobile equipment,2522,Pedestrian struck by forward-moving vehicle in roadway,2
Vehicle or mobile equipment,260,"Roadway incident involving motorized land vehicle, unspecified",2
Vehicle or mobile equipment,2612,Roadway collision with other vehicle(s) moving in same direction,2
Vehicle or mobile equipment,2622,Vehicle struck object or animal on side of roadway,2
Vehicle or mobile equipment,2629,"Roadway collision with object other than vehicle, n.e.c.",2
Vehicle or mobile equipment,2633,Roadway noncollision fall or jump from moving vehicle,2
Vehicle or mobile equipment,2634,"Fall or jump from and struck by same vehicle in normal operation, roadway",2
Vehicle or mobile equipment,2719,"Nonroadway collision with other vehicle, n.e.c.",2
Vehicle or mobile equipment,2730,"Nonroadway noncollision incident, unspecified",2
Vehicle or mobile equipment,2221,Collision between water vehicles,1
Vehicle or mobile equipment,223,Capsized or sinking water vehicle (non collision),1
Vehicle or mobile equipment,2322,Pedal cycle collision in nonroadway area,1
Vehicle or mobile equipment,2323,Fall from pedal cycle,1
Vehicle or mobile equipment,239,"Animal and other non-motorized vehicle transportation incident, n.e.c.",1
Vehicle or mobile equipment,2421,Pedestrian struck by vehicle propelled by another vehicle in roadway,1
Vehicle or mobile equipment,2431,Pedestrian struck by vehicle propelled by another vehicle on side of road,1
Vehicle or mobile equipment,2433,Pedestrian struck by vehicle backing up on side of road,1
Vehicle or mobile equipment,250,"Water vehicle incident, unspecified",1
Vehicle or mobile equipment,2519,Pedestrian struck by vehicle in road work zone n.e.c.,1
Vehicle or mobile equipment,2521,Collision between water vehicles,1
Vehicle or mobile equipment,254,Capsized or sinking water vehicle,1
Vehicle or mobile equipment,259,"Pedestrian incidents involving motorized land vehicles, n.e.c.",1
Vehicle or mobile equipment,2613,Roadway collision-moving perpendicularly,1
Vehicle or mobile equipment,2615,Roadway collision-moving and standing vehicle on side of roadway,1
Vehicle or mobile equipment,2621,Vehicle struck object or animal in roadway,1
Vehicle or mobile equipment,2632,Roadway noncollision fall or jump from and struck by moving vehicle,1
Vehicle or mobile equipment,2633,"Struck by shifting load during transport, roadway",1
Vehicle or mobile equipment,2637,"Sudden start or stop, roadway",1
Vehicle or mobile equipment,2711,"Moving in same direction, nonroadway",1
Vehicle or mobile equipment,2713,"Nonroadway collision with other vehicle(s) moving in opposite directions, oncoming",1
Vehicle or mobile equipment,2720,Nonroadway collision with object or animal in path of travel unspecified,1
Vehicle or mobile equipment,2721,"Vehicle struck by falling or flying object(s), nonroadway",1
Vehicle or mobile equipment,2722,"Collision with moving object or animal, nonroadway",1
Vehicle or mobile equipment,2730,Nonroadway noncollision incident unspecified,1
Vehicle or mobile equipment,2735,"Nonroadway noncollision Struck by shifting, dislodged load in transport",1
